Kernel Time 1024 (us), Transfer Time 1024 (us), Kernel Time 2048 (us), Transfer Time 2048 (us), Kernel Time 4096 (us), Transfer Time 4096 (us), Kernel Time 8096 (us), Transfer Time 8096 (us), Kernel Time 16384 (us), Transfer Time 16384 (us), Kernel Time 32768 (us), Transfer Time 32768 (us), Kernel Time 65536 (us), Transfer Time 65536 (us), Kernel Time 131072 (us), Transfer Time 131072 (us), Kernel Time 262144 (us), Transfer Time 262144 (us), Kernel Time 524288 (us), Transfer Time 524288 (us), Kernel Time 1048576 (us), Transfer Time 1048576 (us), Kernel Time 2097152 (us), Transfer Time 2097152 (us), Kernel Time 4194304 (us), Transfer Time 4194304 (us), Kernel Time 8388608 (us), Transfer Time 8388608 (us), 
29, 37,3, 13,7, 6,7, 8,6, 3,7, 2,3, 4,3, 3,4, 3,4, 2,3, 3,5, 4,5, 4,4, 3,
10, 5,4, 8,4, 3,4, 3,3, 3,4, 5,4, 3,4, 3,3, 3,4, 3,4, 3,4, 2,4, 2,3, 3,
10, 6,28, 3,4, 3,3, 3,4, 3,3, 3,4, 3,3, 3,3, 3,4, 2,4, 3,4, 2,3, 3,3, 3,
5, 6,4, 3,4, 3,4, 3,4, 3,4, 4,4, 3,4, 3,6, 3,4, 3,3, 3,4, 3,4, 2,4, 2,
9, 4,3, 3,3, 3,4, 2,4, 3,3, 4,3, 3,3, 3,4, 3,3, 3,3, 3,4, 3,4, 2,3, 3,
5, 3,4, 3,3, 3,3, 3,3, 3,3, 3,3, 3,3, 3,3, 3,3, 3,4, 2,4, 2,4, 2,3, 2,
6, 4,4, 3,4, 3,3, 3,5, 5,4, 3,3, 3,4, 2,3, 3,4, 3,4, 3,4, 2,4, 3,4, 3,
10, 7,3, 3,3, 3,3, 3,3, 3,3, 3,3, 3,4, 3,3, 3,3, 3,4, 2,4, 2,3, 3,3, 3,
11, 4,23, 2,4, 3,4, 3,3, 3,6, 3,3, 4,4, 3,4, 3,4, 4,4, 3,4, 3,3, 4,5, 4,
7, 12,4, 4,3, 3,3, 3,3, 4,4, 3,4, 3,3, 6,4, 3,172, 5,3, 4,4, 3,4, 3,4, 4,
433, 6,4, 3,4, 3,3, 4,4, 4,3, 3,4, 3,4, 3,4, 2,3, 3,3, 3,4, 5,4, 3,3, 3,
9, 4,3, 3,4, 2,3, 3,4, 5,3, 3,6, 75,3, 3,3, 3,5, 4,4, 3,4, 3,4, 4,4, 3,
9, 5,3, 3,3, 3,3, 6,3, 4,4, 3,4, 4,4, 3,4, 3,4, 3,4, 3,4, 6,4, 2,4, 3,
7, 4,4, 3,3, 3,3, 3,3, 3,4, 3,3, 3,3, 3,4, 3,4, 3,3, 3,3, 3,3, 3,3, 3,
39, 28,17, 3,4, 3,3, 3,3, 3,4, 3,3, 3,3, 3,39, 31,3, 3,3, 3,3, 3,4, 2,4, 2,
9, 6,4, 3,3, 4,3, 4,3, 7,3, 4,5, 3,5, 3,3, 4,4, 3,4, 4,4, 4,4, 3,5, 26,
29, 7,4, 4,4, 4,4, 3,4, 3,4, 3,4, 3,4, 3,4, 4,5, 3,5, 2,3, 4,4, 3,4, 3,
8, 6,4, 3,4, 3,4, 3,4, 3,3, 4,4, 3,4, 2,4, 3,4, 3,4, 3,5, 5,4, 3,4, 3,
8, 5,4, 2,4, 3,4, 3,3, 3,3, 4,3, 3,3, 3,4, 3,3, 3,3, 3,4, 3,3, 3,4, 2,
7, 4,3, 3,3, 3,4, 3,3, 3,4, 2,4, 3,3, 3,3, 3,3, 3,4, 3,4, 3,3, 3,3, 3,
8, 5,3, 3,3, 3,3, 3,3, 3,3, 3,3, 3,4, 3,3, 3,3, 3,3, 3,3, 3,4, 3,3, 3,
6, 3,4, 3,4, 2,4, 2,3, 3,4, 2,4, 2,4, 3,4, 2,4, 2,4, 3,3, 3,4, 3,3, 3,
9, 5,4, 3,4, 3,4, 3,3, 3,5, 3,4, 3,4, 2,4, 4,5, 4,5, 2,6, 2,4, 2,3, 3,
11, 5,4, 3,4, 3,3, 3,6, 2,4, 3,4, 2,3, 3,4, 2,4, 3,4, 2,4, 2,4, 3,3, 3,
6, 3,4, 3,3, 3,4, 2,4, 2,3, 3,3, 3,3, 3,4, 3,3, 3,3, 4,4, 3,3, 3,3, 3,
5, 5,3, 3,4, 3,3, 3,6, 4,3, 6,76, 3,4, 3,4, 3,4, 2,4, 3,5, 3,4, 2,4, 3,
8, 7,4, 3,4, 3,3, 3,4, 3,4, 4,4, 3,4, 3,3, 3,3, 3,3, 3,3, 3,4, 3,4, 3,
139, 4,3, 3,99, 4,4, 3,4, 3,4, 3,4, 3,4, 4,4, 3,3, 3,3, 3,3, 3,3, 3,3, 3,
8, 6,4, 3,4, 4,4, 3,4, 4,4, 3,6, 4,3, 5,4, 4,3, 4,4, 3,3, 4,6, 3,4, 4,
27, 6,4, 3,4, 3,4, 3,4, 3,4, 4,4, 3,4, 6,6, 4,3, 3,3, 3,4, 2,3, 3,3, 3,
7, 6,4, 3,3, 3,4, 3,3, 3,3, 3,4, 3,3, 3,4, 3,5, 4,4, 5,4, 3,3, 3,3, 3,
7, 4,3, 3,4, 3,3, 3,3, 3,4, 3,3, 3,4, 2,4, 2,3, 3,3, 3,4, 2,3, 3,3, 3,
9, 24,4, 3,3, 3,3, 3,4, 3,3, 3,3, 3,3, 3,3, 3,3, 3,3, 2,3, 3,3, 3,4, 2,
7, 5,3, 3,3, 3,4, 2,4, 3,3, 3,4, 2,4, 2,3, 3,4, 2,3, 3,3, 3,3, 3,6, 3,
113, 6,4, 3,3, 4,4, 3,4, 3,3, 4,5, 3,4, 3,3, 3,4, 3,3, 3,3, 3,3, 3,4, 3,
5, 5,3, 3,3, 3,3, 3,3, 3,3, 3,3, 3,3, 3,4, 2,3, 3,3, 3,3, 3,3, 3,3, 3,
8, 5,3, 3,3, 3,4, 2,4, 3,3, 3,4, 2,3, 3,4, 2,4, 3,3, 3,3, 3,3, 3,4, 2,
6, 5,3, 3,4, 3,4, 3,4, 3,3, 3,4, 2,4, 2,3, 3,3, 3,3, 3,3, 3,4, 2,3, 3,
8, 3,3, 3,3, 3,3, 3,3, 3,4, 2,3, 3,3, 3,3, 3,4, 2,4, 3,3, 3,3, 3,3, 3,
10, 4,4, 3,3, 3,3, 3,3, 3,3, 3,3, 3,3, 3,4, 3,4, 3,4, 3,3, 3,3, 23,3, 4,
8, 4,4, 3,3, 3,3, 3,4, 3,4, 2,4, 3,4, 3,4, 2,4, 2,3, 3,3, 3,4, 3,4, 3,
7, 5,4, 3,4, 3,31, 4,3, 3,3, 3,4, 2,3, 3,4, 3,3, 3,3, 3,4, 2,3, 3,3, 3,
321, 10,5, 6,4, 3,4, 6,4, 3,3, 3,4, 2,3, 3,4, 2,3, 3,4, 2,4, 3,3, 3,3, 3,
7, 6,3, 3,3, 3,3, 3,3, 3,3, 3,4, 2,4, 5,3, 4,5, 3,3, 3,3, 3,3, 3,3, 3,
10, 6,4, 3,4, 3,7, 4,3, 3,3, 3,3, 3,3, 6,3, 3,4, 3,3, 3,3, 4,4, 3,4, 3,
10, 5,4, 4,4, 5,4, 3,4, 3,4, 3,4, 2,4, 3,4, 3,4, 3,4, 3,3, 3,3, 3,4, 3,
64, 378,4, 4,4, 4,3, 3,4, 3,3, 4,4, 6,3, 3,3, 3,3, 3,4, 2,4, 3,3, 3,3, 3,
8, 6,4, 3,4, 6,4, 3,3, 9,4, 3,4, 2,3, 3,4, 2,4, 3,3, 6,4, 3,4, 3,3, 3,
9, 6,4, 4,6, 3,33, 5,4, 5,3, 5,4, 3,4, 3,4, 3,5, 2,5, 3,5, 4,4, 2,5, 3,
7, 5,4, 3,3, 3,3, 3,4, 3,4, 2,4, 3,3, 3,4, 3,4, 3,3, 3,4, 3,3, 3,3, 3,
9, 6,4, 3,3, 4,4, 22,4, 4,7, 4,4, 3,4, 3,4, 6,4, 3,4, 3,4, 3,4, 3,4, 3,
7, 6,4, 3,4, 3,3, 3,3, 3,4, 2,4, 3,3, 3,3, 3,3, 3,2, 4,4, 2,4, 3,3, 3,
7, 5,3, 3,3, 3,3, 3,3, 3,4, 3,4, 3,3, 3,4, 3,4, 3,3, 3,3, 3,4, 3,6, 2,
9, 5,4, 3,3, 4,5, 3,7, 2,4, 5,4, 4,4, 3,5, 3,3, 4,3, 4,4, 3,4, 3,3, 4,
7, 6,4, 3,4, 3,3, 4,4, 2,3, 3,4, 3,3, 4,4, 3,4, 3,3, 4,4, 3,4, 3,4, 3,
5, 5,5, 3,41, 6,5, 3,5, 3,4, 2,44, 3,3, 4,4, 3,3, 3,4, 3,4, 3,8, 3,4, 3,
6, 5,3, 3,3, 3,3, 3,4, 5,3, 3,3, 3,3, 3,3, 3,4, 2,3, 3,3, 4,3, 3,3, 3,
5, 4,4, 3,3, 3,3, 3,3, 4,3, 3,3, 3,3, 3,4, 3,3, 3,4, 2,3, 4,3, 3,3, 3,
11, 5,3, 4,3, 3,4, 2,3, 3,4, 2,3, 3,3, 3,3, 3,4, 2,4, 3,3, 3,3, 3,4, 2,
6, 5,4, 4,4, 3,28, 4,5, 2,5, 2,3, 3,4, 3,4, 3,4, 3,4, 2,4, 3,6, 2,4, 3,
9, 4,3, 3,4, 2,3, 3,5, 4,4, 3,4, 3,4, 3,4, 3,4, 2,3, 7,5, 2,3, 3,3, 2,
10, 4,4, 3,4, 3,3, 3,4, 3,4, 2,4, 2,4, 3,3, 3,3, 3,3, 3,3, 3,3, 2,4, 3,
58, 5,3, 3,3, 3,3, 3,3, 3,4, 3,3, 3,4, 2,4, 3,3, 3,4, 3,4, 3,3, 3,3, 3,
8, 5,4, 4,3, 4,4, 4,4, 3,4, 6,4, 3,3, 3,4, 2,4, 3,3, 3,5, 3,4, 2,3, 3,
8, 4,3, 3,4, 3,4, 2,3, 3,3, 3,3, 3,3, 3,4, 2,3, 3,4, 2,3, 3,4, 2,4, 2,
7, 5,3, 3,4, 3,4, 3,3, 3,3, 3,3, 23,3, 3,4, 2,3, 3,4, 3,3, 3,4, 3,3, 3,
6, 4,4, 2,3, 3,3, 3,3, 3,4, 2,3, 3,4, 2,3, 3,3, 3,4, 2,3, 3,4, 4,3, 3,
8, 4,3, 3,4, 2,4, 3,3, 3,4, 3,3, 3,4, 3,4, 3,3, 3,3, 3,4, 3,3, 3,3, 3,
6, 5,3, 3,3, 3,4, 3,3, 3,4, 3,3, 3,3, 7,4, 2,4, 2,4, 3,3, 3,4, 5,4, 3,
7, 5,4, 3,4, 3,3, 3,3, 3,4, 3,3, 3,4, 5,4, 4,4, 3,4, 6,4, 3,3, 4,4, 3,
10, 5,3, 3,3, 3,4, 3,3, 3,3, 3,3, 3,3, 3,4, 3,3, 2,3, 3,4, 3,3, 3,3, 3,
8, 4,3, 3,3, 3,3, 3,3, 3,3, 36,3, 5,4, 3,4, 2,3, 3,7, 2,4, 3,4, 2,3, 3,
7, 4,3, 3,3, 3,3, 3,3, 3,3, 3,3, 3,4, 2,4, 2,3, 3,4, 3,4, 2,3, 3,4, 3,
8, 5,4, 3,3, 3,4, 2,3, 3,3, 3,3, 3,3, 3,3, 3,4, 2,3, 3,3, 3,4, 3,4, 3,
13, 3,4, 3,4, 2,4, 3,3, 3,3, 3,3, 3,3, 3,4, 3,3, 3,3, 3,4, 2,3, 3,3, 3,
11, 4,4, 3,4, 3,3, 4,4, 3,4, 3,3, 4,4, 2,3, 3,3, 3,3, 3,3, 3,3, 3,4, 3,
9, 5,3, 3,4, 2,4, 3,3, 3,3, 3,3, 3,3, 3,4, 2,4, 3,3, 3,4, 2,4, 2,3, 3,
63, 7,4, 4,4, 3,4, 3,4, 4,4, 3,4, 3,5, 5,3, 3,3, 3,3, 3,4, 3,3, 3,4, 2,
5, 4,4, 2,3, 3,4, 3,3, 3,3, 3,3, 3,3, 3,4, 2,3, 3,3, 3,3, 3,5, 4,4, 5,
7, 4,3, 3,4, 3,3, 3,3, 3,4, 3,3, 3,4, 2,4, 3,4, 2,3, 3,3, 3,3, 3,3, 3,
176, 7,4, 3,4, 3,4, 4,4, 3,4, 3,3, 7,4, 3,3, 3,4, 2,3, 3,3, 3,4, 3,3, 3,
9, 5,3, 3,3, 3,3, 3,3, 3,3, 4,4, 3,3, 3,3, 3,3, 4,4, 3,3, 3,4, 3,4, 3,
9, 3,3, 3,4, 3,3, 3,4, 2,3, 3,3, 3,6, 4,4, 6,4, 2,4, 3,3, 3,4, 2,4, 2,
7, 6,4, 3,3, 3,3, 3,3, 3,3, 3,3, 3,4, 2,4, 3,3, 3,3, 2,3, 3,4, 2,3, 3,
285, 223,4, 3,4, 3,4, 2,3, 3,3, 3,3, 3,3, 3,98, 5,4, 3,3, 3,3, 3,3, 3,3, 3,
11, 5,4, 3,4, 6,3, 3,5, 3,4, 3,3, 3,41, 4,3, 3,3, 3,4, 3,3, 3,3, 3,4, 3,
8, 4,3, 3,3, 3,4, 2,3, 3,3, 3,4, 3,3, 3,3, 3,4, 2,3, 3,3, 3,4, 3,4, 3,
5, 4,3, 20,4, 3,3, 3,4, 2,4, 2,3, 3,3, 3,3, 2,4, 2,4, 2,4, 3,3, 3,4, 2,
8, 4,3, 3,4, 2,3, 3,3, 3,4, 2,4, 3,4, 2,3, 3,4, 3,3, 3,3, 3,4, 3,3, 3,
8, 4,3, 3,3, 3,3, 3,4, 2,3, 3,3, 3,3, 3,4, 2,3, 3,3, 3,3, 3,3, 3,4, 2,
5, 4,3, 3,3, 3,3, 3,3, 3,3, 3,3, 3,4, 2,4, 3,3, 3,3, 3,4, 2,4, 3,3, 3,
5, 4,4, 2,3, 3,3, 3,4, 3,3, 3,3, 3,4, 2,3, 3,3, 2,3, 3,3, 3,4, 3,3, 3,
5, 4,3, 3,4, 3,3, 3,3, 3,3, 3,3, 3,3, 3,3, 3,4, 3,3, 3,3, 3,60, 4,5, 3,
270, 4,4, 4,4, 104,4, 4,3, 3,4, 91,4, 39,4, 6,4, 3,5, 2,4, 5,5, 4,4, 3,4, 3,
9, 4,15, 3,4, 3,3, 3,3, 3,3, 3,3, 3,4, 2,3, 3,4, 2,4, 3,3, 3,3, 3,3, 3,
25, 3,3, 3,4, 85,3, 3,4, 2,3, 3,3, 3,4, 3,3, 3,3, 3,4, 2,4, 3,4, 3,3, 3,
5, 5,3, 348,5, 4,3, 3,3, 3,4, 3,3, 3,3, 3,3, 3,4, 3,3, 3,3, 3,3, 3,3, 3,
11, 5,4, 3,4, 3,4, 3,4, 3,3, 3,3, 3,4, 2,4, 2,4, 3,3, 3,4, 2,3, 3,4, 2,
10, 5,3, 3,3, 3,3, 4,3, 3,3, 3,3, 3,3, 3,3, 3,3, 3,3, 3,3, 3,3, 3,4, 2,
6, 3,4, 3,3, 3,3, 3,3, 3,4, 2,4, 3,4, 2,3, 3,3, 3,4, 3,3, 3,4, 2,4, 3,
